team_name,total_races,total_points,avg_points
Mercedes,331,2580,7.794561933534744
Red Bull,313,2201,7.031948881789138
Ferrari,314,2095,6.671974522292993
McLaren,204,984,4.823529411764706
Williams,125,531,4.248
Force India,189,671,3.5502645502645502
Toro Rosso,119,316,2.6554621848739495
